,연도,각종 암,뇌혈관 질환,만성 하기도 질환,순환 질환,폐렴,폐암,피부 질환,협심증,호흡 질환,PM10,PM25
0,2015,6523.416666666667,2037.9166666666667,628.1666666666666,4961.916666666667,1226.5,1449.9166666666667,39.166666666666664,1227.0,2317.1666666666665,47.538998067861165,26.527849364745208
1,2016,6644.083333333333,1951.25,582.6666666666666,5032.333333333333,1373.0,1496.9166666666667,43.166666666666664,1221.1666666666667,2450.3333333333335,45.716694572642844,25.73521270327646
2,2017,6693.333333333333,1895.4166666666667,562.5,5105.5,1614.8333333333333,1498.3333333333333,51.666666666666664,1188.0833333333333,2720.3333333333335,44.8994458397893,24.686478808075027
3,2018,6728.916666666667,1911.6666666666667,550.6666666666666,5245.5,1940.0,1487.6666666666667,51.0,1208.3333333333333,3146.9166666666665,41.191954049948876,22.88130496418057
4,2019,6903.666666666667,1798.8333333333333,514.6666666666666,5021.0,1930.6666666666667,1547.8333333333333,51.416666666666664,1141.5833333333333,3054.5833333333335,40.30390828659427,22.812924189921223
5,2020,6981.333333333333,1821.6666666666667,472.3333333333333,5183.0,1854.75,1556.0833333333333,47.333333333333336,1171.3333333333333,3030.6666666666665,32.83348774209125,18.526752286438754
6,2021,7030.25,1883.9166666666667,446.4166666666667,5197.5,1901.0,1575.1666666666667,44.416666666666664,1176.25,3069.25,35.81694986607392,17.74912017029772
